slug,name,index,change_90d,test_count,lab_count,earliest_test,latest_test
slu-pp-332,SLU-PP-332,99.81,-0.06,7,4,2026-03-17,2026-08-03
vilon,Vilon,99.76,0,18,8,2025-01-29,2026-08-08
tirzepatide,Tirzepatide,99.75,0,1020,23,2023-07-18,2026-09-19
pt-141,PT-141,99.7,-0.01,262,21,2021-03-01,2026-09-18
melanotan-i-mt-1,Melanotan I (MT-1),99.7,0.03,146,17,2024-06-14,2026-08-19
retatrutide,Retatrutide,99.69,0.01,1333,24,2023-05-12,2026-09-19
ss-31-elamipretide,SS-31 (Elamipretide),99.69,0,228,18,2024-01-05,2026-08-22
semaglutide,Semaglutide,99.68,0,437,21,2023-08-05,2026-08-12
pe-22-28,PE-22-28,99.68,0.04,12,4,2026-01-03,2026-09-06
ipamorelin,Ipamorelin,99.67,0.01,356,22,2020-06-11,2026-08-25
testagen,Testagen,99.67,0.02,22,8,2025-04-09,2026-08-08
survodutide,Survodutide,99.66,0.05,40,10,2024-07-24,2026-07-28
n-acetyl-semax-amidate,N-Acetyl Semax Amidate,99.66,0.02,35,10,2024-09-23,2026-07-03
cerebrolysin,Cerebrolysin,99.66,,5,3,2026-03-25,2026-08-03
ghk-cu,GHK-Cu,99.65,-0.01,602,23,2021-03-01,2026-09-19
cagrilintide,Cagrilintide,99.65,0.03,257,20,2023-06-19,2026-08-15
melanotan-ii-mt-2,Melanotan II (MT-2),99.64,0,273,21,2023-07-23,2026-09-01
vesugen,Vesugen,99.64,-0.02,20,10,2025-01-29,2026-08-03
selank,SELANK,99.63,-0.01,317,23,2023-08-30,2026-09-15
5-amino-1mq,5-Amino-1MQ,99.62,0.02,186,18,2025-06-17,2026-08-25
cartalax,Cartalax,99.61,0.02,52,11,2025-06-27,2026-08-13
aicar,Aicar,99.61,0.01,15,7,2025-11-11,2026-07-22
adamax-davunetide-nap,Adamax (Davunetide/NAP),99.6,0,36,8,2024-06-25,2026-08-25
gonadorelin,Gonadorelin,99.59,0.03,13,5,2025-04-15,2026-06-15
mazdutide,Mazdutide,99.58,0.01,32,11,2024-04-05,2026-07-14
pnc-27,PNC-27,99.57,0.02,15,8,2024-11-07,2026-08-25
kpv,KPV,99.56,-0.01,261,21,2023-07-23,2026-08-19
pinealon,Pinealon,99.55,0.05,72,12,2024-10-18,2026-08-03
cjc-1295-without-dac,CJC-1295 without DAC,99.54,0.01,225,22,2023-02-15,2026-08-06
thymosin-alpha-1-a1,Thymosin-Alpha 1 (A1),99.52,0.01,236,19,2023-09-11,2026-08-01
prostamax,Prostamax,99.51,0,14,7,2025-01-29,2026-09-01
p21-p021,P21 (P021),99.51,0.01,10,5,2024-10-18,2026-06-17
cardiogen,Cardiogen,99.49,-0.03,16,7,2025-05-02,2026-08-03
kisspeptin,Kisspeptin,99.47,0.05,172,18,2024-01-01,2026-09-22
glutathione,Glutathione,99.47,-0.06,137,16,2024-09-30,2026-09-10
mots-c,MOTS-C,99.46,0.03,574,23,2023-07-31,2026-09-17
pancragen,Pancragen,99.46,-0.02,8,4,2025-11-03,2026-04-02
semax,SEMAX,99.45,-0.01,294,22,2024-05-19,2026-09-23
tesamorelin,Tesamorelin,99.44,-0.01,521,24,2024-02-05,2026-09-19
epithalon,EPITHALON,99.44,0.04,269,20,2023-07-23,2026-09-22
ll-37,LL-37,99.44,0.12,64,16,2024-10-18,2026-07-27
crystagen,Crystagen,99.44,-0.06,6,4,2026-02-06,2026-05-18
foxo4-dri,FOXO4-DRI,99.42,-0.04,61,14,2024-09-25,2026-08-03
tb-500,TB-500,99.41,0.03,402,23,2019-11-10,2026-08-07
peg-mgf,PEG MGF,99.41,-0.01,27,13,2024-08-29,2026-08-07
vip-vasoactive-intestinal-peptide,VIP (Vasoactive Intestinal Peptide),99.38,0.01,76,14,2024-11-27,2026-08-05
sermorelin,Sermorelin,99.35,-0.02,224,17,2023-11-13,2026-09-11
aod-9604,AOD-9604,99.35,0.09,146,16,2023-09-29,2026-08-16
snap-8,SNAP-8,99.34,0,83,14,2024-08-01,2026-08-08
ghrp-6,GHRP-6,99.34,0,47,12,2022-07-29,2026-07-26
cjc-1295-with-dac,CJC-1295 with DAC,99.24,0.05,110,16,2019-11-10,2026-07-22
dsip-delta-sleep-inducing-peptide,DSIP (Delta Sleep-inducing Peptide),99.23,-0.03,243,21,2024-01-08,2026-08-24
ghrp-2,GHRP-2,99.19,0.01,38,12,2024-06-25,2026-06-25
bpc-157,BPC-157,99.14,-0.24,666,23,2020-06-11,2026-09-15
oxytocin,Oxytocin,99.13,0.13,62,14,2024-10-30,2026-08-07
nad,NAD+,99.12,0.01,364,23,2024-09-27,2026-09-19
hgh-fragment-176-191,HGH Fragment 176–191,99.05,0.02,61,12,2024-06-26,2026-07-09
follistatin,Follistatin,99.02,0.22,7,6,2026-01-20,2026-05-28
hexarelin,Hexarelin,98.99,0.02,25,8,2024-10-18,2026-06-02
ara-290,ARA-290,98.83,0.25,95,13,2024-06-29,2026-08-19
thymalin,THYMALIN,98.71,0.94,46,13,2023-11-24,2026-07-16
igf-1-lr3,IGF-1 LR3,98.52,-0.02,139,17,2024-03-05,2026-08-08
ahk-cu,AHK-Cu,98.02,1.47,31,11,2025-10-24,2026-08-08
ovagen,Ovagen,97.19,0.37,9,6,2025-02-26,2026-08-03
adipotide,Adipotide,,,4,2,2025-12-11,2026-06-22
tesofensine,Tesofensine,,,4,3,2026-02-22,2026-08-06
cortagen,Cortagen,,,4,2,2026-01-12,2026-08-03
thymulin,Thymulin,,,4,2,2026-04-11,2026-08-03
igf-1-des,IGF-1 DES,,,3,2,2024-12-20,2026-03-18
follistatin-344,Follistatin-344,,,2,2,2026-04-15,2026-05-28
epo-erythropoietin,EPO (Erythropoietin),,,1,1,2025-05-23,2025-05-23
humanin,Humanin,,,1,1,2026-08-03,2026-08-03
orforglipron,Orforglipron,,,1,1,2026-02-22,2026-02-22
ace-031,ACE-031,,,1,1,2026-04-10,2026-04-10
thymosin-beta-4,Thymosin Beta-4,,,1,1,2026-04-18,2026-04-18
dihexa,Dihexa,,,1,1,2026-07-22,2026-07-22
argireline,Argireline,,,1,1,2026-07-15,2026-07-15
# composite,,99.5,0,11580,26,2019-11-10,2026-09-23
